{"cameraMode":{"drawMode":0,"name":"Shaded","section":"Shading Mode"},"sceneLighting":true,"audioPlay":false,"sceneViewState":{"showFog":true,"showMaterialUpdate":false,"showSkybox":true,"showFlares":true,"showImageEffects":true,"showParticleSystems":true},"in2DMode":false,"pivot":{"x":0.5015473365783691,"y":-0.6885890960693359,"z":0.11525106430053711},"rotation":{"x":-0.08276970684528351,"y":0.8995407223701477,"z":-0.19484484195709229,"w":-0.38212284445762637},"size":11.773776054382325,"orthographic":false}